Data;Id da Contratação;Sistema;Orgão;Unidade;Modalidade;Total Estimado (R$);situação da compra;Outlier Total Estimado
01/12/2025;"{""hyperlink"":""https://pncp.gov.br/app/editais/86900545000170/2025/34"",""tooltip"":""https://pncp.gov.br/app/editais/86900545000170/2025/34""}";Compras.gov.br;AGENCIA ESPACIAL BRASILEIRA - AEB;AGENCIA ESPACIAL BRASILEIRA;Inexigibilidade;1.733,00;Divulgada no PNCP;N
26/11/2025;"{""hyperlink"":""https://pncp.gov.br/app/editais/86900545000170/2025/33"",""tooltip"":""https://pncp.gov.br/app/editais/86900545000170/2025/33""}";Compras.gov.br;AGENCIA ESPACIAL BRASILEIRA - AEB;AGENCIA ESPACIAL BRASILEIRA;Inexigibilidade;8.200,00;Divulgada no PNCP;N
18/11/2025;"{""hyperlink"":""https://pncp.gov.br/app/editais/86900545000170/2025/32"",""tooltip"":""https://pncp.gov.br/app/editais/86900545000170/2025/32""}";Compras.gov.br;AGENCIA ESPACIAL BRASILEIRA - AEB;AGENCIA ESPACIAL BRASILEIRA;Dispensa;5.415,18;Divulgada no PNCP;N
18/11/2025;"{""hyperlink"":""https://pncp.gov.br/app/editais/86900545000170/2025/31"",""tooltip"":""https://pncp.gov.br/app/editais/86900545000170/2025/31""}";Compras.gov.br;AGENCIA ESPACIAL BRASILEIRA - AEB;AGENCIA ESPACIAL BRASILEIRA;Dispensa;18.846,16;Divulgada no PNCP;N
18/11/2025;"{""hyperlink"":""https://pncp.gov.br/app/editais/86900545000170/2025/30"",""tooltip"":""https://pncp.gov.br/app/editais/86900545000170/2025/30""}";Compras.gov.br;AGENCIA ESPACIAL BRASILEIRA - AEB;AGENCIA ESPACIAL BRASILEIRA;Pregão - Eletrônico;219.642,17;Divulgada no PNCP;N
17/11/2025;"{""hyperlink"":""https://pncp.gov.br/app/editais/86900545000170/2025/29"",""tooltip"":""https://pncp.gov.br/app/editais/86900545000170/2025/29""}";Compras.gov.br;AGENCIA ESPACIAL BRASILEIRA - AEB;AGENCIA ESPACIAL BRASILEIRA;Inexigibilidade;247,00;Divulgada no PNCP;N
13/11/2025;"{""hyperlink"":""https://pncp.gov.br/app/editais/86900545000170/2025/28"",""tooltip"":""https://pncp.gov.br/app/editais/86900545000170/2025/28""}";Compras.gov.br;AGENCIA ESPACIAL BRASILEIRA - AEB;AGENCIA ESPACIAL BRASILEIRA;Inexigibilidade;9.000,00;Divulgada no PNCP;N
28/10/2025;"{""hyperlink"":""https://pncp.gov.br/app/editais/86900545000170/2025/27"",""tooltip"":""https://pncp.gov.br/app/editais/86900545000170/2025/27""}";Compras.gov.br;AGENCIA ESPACIAL BRASILEIRA - AEB;AGENCIA ESPACIAL BRASILEIRA;Dispensa;4.956,00;Divulgada no PNCP;N
23/10/2025;"{""hyperlink"":""https://pncp.gov.br/app/editais/86900545000170/2025/26"",""tooltip"":""https://pncp.gov.br/app/editais/86900545000170/2025/26""}";Compras.gov.br;AGENCIA ESPACIAL BRASILEIRA - AEB;AGENCIA ESPACIAL BRASILEIRA;Pregão - Eletrônico;1.016.483,00;Divulgada no PNCP;N
03/10/2025;"{""hyperlink"":""https://pncp.gov.br/app/editais/86900545000170/2025/25"",""tooltip"":""https://pncp.gov.br/app/editais/86900545000170/2025/25""}";Compras.gov.br;AGENCIA ESPACIAL BRASILEIRA - AEB;AGENCIA ESPACIAL BRASILEIRA;Inexigibilidade;2.072,07;Divulgada no PNCP;N
01/10/2025;"{""hyperlink"":""https://pncp.gov.br/app/editais/86900545000170/2025/24"",""tooltip"":""https://pncp.gov.br/app/editais/86900545000170/2025/24""}";Compras.gov.br;AGENCIA ESPACIAL BRASILEIRA - AEB;AGENCIA ESPACIAL BRASILEIRA;Dispensa;12.199,00;Divulgada no PNCP;N
01/10/2025;"{""hyperlink"":""https://pncp.gov.br/app/editais/86900545000170/2025/23"",""tooltip"":""https://pncp.gov.br/app/editais/86900545000170/2025/23""}";Compras.gov.br;AGENCIA ESPACIAL BRASILEIRA - AEB;AGENCIA ESPACIAL BRASILEIRA;Dispensa;1.000,00;Divulgada no PNCP;N
30/09/2025;"{""hyperlink"":""https://pncp.gov.br/app/editais/86900545000170/2025/22"",""tooltip"":""https://pncp.gov.br/app/editais/86900545000170/2025/22""}";Compras.gov.br;AGENCIA ESPACIAL BRASILEIRA - AEB;AGENCIA ESPACIAL BRASILEIRA;Inexigibilidade;56.680,00;Divulgada no PNCP;N
17/09/2025;"{""hyperlink"":""https://pncp.gov.br/app/editais/86900545000170/2025/21"",""tooltip"":""https://pncp.gov.br/app/editais/86900545000170/2025/21""}";Compras.gov.br;AGENCIA ESPACIAL BRASILEIRA - AEB;AGENCIA ESPACIAL BRASILEIRA;Dispensa;3.860,64;Divulgada no PNCP;N
10/09/2025;"{""hyperlink"":""https://pncp.gov.br/app/editais/86900545000170/2025/20"",""tooltip"":""https://pncp.gov.br/app/editais/86900545000170/2025/20""}";Compras.gov.br;AGENCIA ESPACIAL BRASILEIRA - AEB;AGENCIA ESPACIAL BRASILEIRA;Dispensa;20.818,82;Divulgada no PNCP;N
10/09/2025;"{""hyperlink"":""https://pncp.gov.br/app/editais/86900545000170/2025/19"",""tooltip"":""https://pncp.gov.br/app/editais/86900545000170/2025/19""}";Compras.gov.br;AGENCIA ESPACIAL BRASILEIRA - AEB;AGENCIA ESPACIAL BRASILEIRA;Dispensa;6.625,00;Divulgada no PNCP;N
10/09/2025;"{""hyperlink"":""https://pncp.gov.br/app/editais/86900545000170/2025/18"",""tooltip"":""https://pncp.gov.br/app/editais/86900545000170/2025/18""}";Compras.gov.br;AGENCIA ESPACIAL BRASILEIRA - AEB;AGENCIA ESPACIAL BRASILEIRA;Pregão - Eletrônico;1.831.490,64;Divulgada no PNCP;N
04/09/2025;"{""hyperlink"":""https://pncp.gov.br/app/editais/86900545000170/2025/17"",""tooltip"":""https://pncp.gov.br/app/editais/86900545000170/2025/17""}";Compras.gov.br;AGENCIA ESPACIAL BRASILEIRA - AEB;AGENCIA ESPACIAL BRASILEIRA;Dispensa;11.329,37;Divulgada no PNCP;N
22/08/2025;"{""hyperlink"":""https://pncp.gov.br/app/editais/86900545000170/2025/16"",""tooltip"":""https://pncp.gov.br/app/editais/86900545000170/2025/16""}";Compras.gov.br;AGENCIA ESPACIAL BRASILEIRA - AEB;AGENCIA ESPACIAL BRASILEIRA;Inexigibilidade;3.740,00;Divulgada no PNCP;N
13/08/2025;"{""hyperlink"":""https://pncp.gov.br/app/editais/86900545000170/2025/15"",""tooltip"":""https://pncp.gov.br/app/editais/86900545000170/2025/15""}";Compras.gov.br;AGENCIA ESPACIAL BRASILEIRA - AEB;AGENCIA ESPACIAL BRASILEIRA;Inexigibilidade;4.234,32;Divulgada no PNCP;N
05/08/2025;"{""hyperlink"":""https://pncp.gov.br/app/editais/86900545000170/2025/14"",""tooltip"":""https://pncp.gov.br/app/editais/86900545000170/2025/14""}";Compras.gov.br;AGENCIA ESPACIAL BRASILEIRA - AEB;AGENCIA ESPACIAL BRASILEIRA;Inexigibilidade;3.270,00;Divulgada no PNCP;N
30/07/2025;"{""hyperlink"":""https://pncp.gov.br/app/editais/86900545000170/2025/13"",""tooltip"":""https://pncp.gov.br/app/editais/86900545000170/2025/13""}";Compras.gov.br;AGENCIA ESPACIAL BRASILEIRA - AEB;AGENCIA ESPACIAL BRASILEIRA;Inexigibilidade;296.801,56;Divulgada no PNCP;N
21/07/2025;"{""hyperlink"":""https://pncp.gov.br/app/editais/86900545000170/2025/12"",""tooltip"":""https://pncp.gov.br/app/editais/86900545000170/2025/12""}";Compras.gov.br;AGENCIA ESPACIAL BRASILEIRA - AEB;AGENCIA ESPACIAL BRASILEIRA;Dispensa;23.389,92;Divulgada no PNCP;N
24/06/2025;"{""hyperlink"":""https://pncp.gov.br/app/editais/86900545000170/2025/11"",""tooltip"":""https://pncp.gov.br/app/editais/86900545000170/2025/11""}";Compras.gov.br;AGENCIA ESPACIAL BRASILEIRA - AEB;AGENCIA ESPACIAL BRASILEIRA;Dispensa;55.121,66;Divulgada no PNCP;N
26/05/2025;"{""hyperlink"":""https://pncp.gov.br/app/editais/86900545000170/2025/10"",""tooltip"":""https://pncp.gov.br/app/editais/86900545000170/2025/10""}";Compras.gov.br;AGENCIA ESPACIAL BRASILEIRA - AEB;AGENCIA ESPACIAL BRASILEIRA;Pregão - Eletrônico;71.848,36;Divulgada no PNCP;N
15/05/2025;"{""hyperlink"":""https://pncp.gov.br/app/editais/86900545000170/2025/9"",""tooltip"":""https://pncp.gov.br/app/editais/86900545000170/2025/9""}";Compras.gov.br;AGENCIA ESPACIAL BRASILEIRA - AEB;AGENCIA ESPACIAL BRASILEIRA;Inexigibilidade;3.200,00;Divulgada no PNCP;N
14/05/2025;"{""hyperlink"":""https://pncp.gov.br/app/editais/86900545000170/2025/8"",""tooltip"":""https://pncp.gov.br/app/editais/86900545000170/2025/8""}";Compras.gov.br;AGENCIA ESPACIAL BRASILEIRA - AEB;AGENCIA ESPACIAL BRASILEIRA;Dispensa;32.446,02;Divulgada no PNCP;N
14/04/2025;"{""hyperlink"":""https://pncp.gov.br/app/editais/86900545000170/2025/7"",""tooltip"":""https://pncp.gov.br/app/editais/86900545000170/2025/7""}";Compras.gov.br;AGENCIA ESPACIAL BRASILEIRA - AEB;AGENCIA ESPACIAL BRASILEIRA;Dispensa;7.300,00;Divulgada no PNCP;N
27/03/2025;"{""hyperlink"":""https://pncp.gov.br/app/editais/86900545000170/2025/6"",""tooltip"":""https://pncp.gov.br/app/editais/86900545000170/2025/6""}";Compras.gov.br;AGENCIA ESPACIAL BRASILEIRA - AEB;AGENCIA ESPACIAL BRASILEIRA;Dispensa;35.679,96;Divulgada no PNCP;N
19/03/2025;"{""hyperlink"":""https://pncp.gov.br/app/editais/86900545000170/2025/5"",""tooltip"":""https://pncp.gov.br/app/editais/86900545000170/2025/5""}";Compras.gov.br;AGENCIA ESPACIAL BRASILEIRA - AEB;AGENCIA ESPACIAL BRASILEIRA;Inexigibilidade;26.000,00;Divulgada no PNCP;N
19/03/2025;"{""hyperlink"":""https://pncp.gov.br/app/editais/86900545000170/2025/4"",""tooltip"":""https://pncp.gov.br/app/editais/86900545000170/2025/4""}";Compras.gov.br;AGENCIA ESPACIAL BRASILEIRA - AEB;AGENCIA ESPACIAL BRASILEIRA;Inexigibilidade;58.590,00;Divulgada no PNCP;N
26/02/2025;"{""hyperlink"":""https://pncp.gov.br/app/editais/86900545000170/2025/3"",""tooltip"":""https://pncp.gov.br/app/editais/86900545000170/2025/3""}";Compras.gov.br;AGENCIA ESPACIAL BRASILEIRA - AEB;AGENCIA ESPACIAL BRASILEIRA;Dispensa;14.652,28;Divulgada no PNCP;N
25/02/2025;"{""hyperlink"":""https://pncp.gov.br/app/editais/86900545000170/2025/2"",""tooltip"":""https://pncp.gov.br/app/editais/86900545000170/2025/2""}";Compras.gov.br;AGENCIA ESPACIAL BRASILEIRA - AEB;AGENCIA ESPACIAL BRASILEIRA;Inexigibilidade;5.032,12;Divulgada no PNCP;N
20/01/2025;"{""hyperlink"":""https://pncp.gov.br/app/editais/86900545000170/2025/1"",""tooltip"":""https://pncp.gov.br/app/editais/86900545000170/2025/1""}";Compras.gov.br;AGENCIA ESPACIAL BRASILEIRA - AEB;AGENCIA ESPACIAL BRASILEIRA;Dispensa;4.442,40;Divulgada no PNCP;N
04/12/2024;"{""hyperlink"":""https://pncp.gov.br/app/editais/86900545000170/2024/27"",""tooltip"":""https://pncp.gov.br/app/editais/86900545000170/2024/27""}";Compras.gov.br;AGENCIA ESPACIAL BRASILEIRA - AEB;AGENCIA ESPACIAL BRASILEIRA;Pregão - Eletrônico;10.612,16;Divulgada no PNCP;N
02/12/2024;"{""hyperlink"":""https://pncp.gov.br/app/editais/86900545000170/2024/26"",""tooltip"":""https://pncp.gov.br/app/editais/86900545000170/2024/26""}";Compras.gov.br;AGENCIA ESPACIAL BRASILEIRA - AEB;AGENCIA ESPACIAL BRASILEIRA;Dispensa;500.000,00;Divulgada no PNCP;N
31/10/2024;"{""hyperlink"":""https://pncp.gov.br/app/editais/86900545000170/2024/25"",""tooltip"":""https://pncp.gov.br/app/editais/86900545000170/2024/25""}";Compras.gov.br;AGENCIA ESPACIAL BRASILEIRA - AEB;AGENCIA ESPACIAL BRASILEIRA;Dispensa;5.144,30;Divulgada no PNCP;N
08/10/2024;"{""hyperlink"":""https://pncp.gov.br/app/editais/86900545000170/2024/24"",""tooltip"":""https://pncp.gov.br/app/editais/86900545000170/2024/24""}";Compras.gov.br;AGENCIA ESPACIAL BRASILEIRA - AEB;AGENCIA ESPACIAL BRASILEIRA;Inexigibilidade;17.524,40;Divulgada no PNCP;N
19/09/2024;"{""hyperlink"":""https://pncp.gov.br/app/editais/86900545000170/2024/23"",""tooltip"":""https://pncp.gov.br/app/editais/86900545000170/2024/23""}";Compras.gov.br;AGENCIA ESPACIAL BRASILEIRA - AEB;AGENCIA ESPACIAL BRASILEIRA;Dispensa;724,05;Divulgada no PNCP;N
19/09/2024;"{""hyperlink"":""https://pncp.gov.br/app/editais/86900545000170/2024/22"",""tooltip"":""https://pncp.gov.br/app/editais/86900545000170/2024/22""}";Compras.gov.br;AGENCIA ESPACIAL BRASILEIRA - AEB;AGENCIA ESPACIAL BRASILEIRA;Inexigibilidade;40.078,67;Divulgada no PNCP;N
16/09/2024;"{""hyperlink"":""https://pncp.gov.br/app/editais/86900545000170/2023/88"",""tooltip"":""https://pncp.gov.br/app/editais/86900545000170/2023/88""}";Compras.gov.br;AGENCIA ESPACIAL BRASILEIRA - AEB;AGENCIA ESPACIAL BRASILEIRA;Inexigibilidade;35.347,75;Divulgada no PNCP;N
13/09/2024;"{""hyperlink"":""https://pncp.gov.br/app/editais/86900545000170/2024/21"",""tooltip"":""https://pncp.gov.br/app/editais/86900545000170/2024/21""}";Compras.gov.br;AGENCIA ESPACIAL BRASILEIRA - AEB;AGENCIA ESPACIAL BRASILEIRA;Inexigibilidade;66.750,00;Divulgada no PNCP;N
06/09/2024;"{""hyperlink"":""https://pncp.gov.br/app/editais/86900545000170/2023/87"",""tooltip"":""https://pncp.gov.br/app/editais/86900545000170/2023/87""}";Compras.gov.br;AGENCIA ESPACIAL BRASILEIRA - AEB;AGENCIA ESPACIAL BRASILEIRA;Dispensa;43.680,00;Divulgada no PNCP;N
05/09/2024;"{""hyperlink"":""https://pncp.gov.br/app/editais/86900545000170/2024/20"",""tooltip"":""https://pncp.gov.br/app/editais/86900545000170/2024/20""}";Compras.gov.br;AGENCIA ESPACIAL BRASILEIRA - AEB;AGENCIA ESPACIAL BRASILEIRA;Dispensa;5.365,30;Divulgada no PNCP;N
04/09/2024;"{""hyperlink"":""https://pncp.gov.br/app/editais/86900545000170/2024/19"",""tooltip"":""https://pncp.gov.br/app/editais/86900545000170/2024/19""}";Compras.gov.br;AGENCIA ESPACIAL BRASILEIRA - AEB;AGENCIA ESPACIAL BRASILEIRA;Inexigibilidade;1.500,00;Divulgada no PNCP;N
29/08/2024;"{""hyperlink"":""https://pncp.gov.br/app/editais/86900545000170/2024/18"",""tooltip"":""https://pncp.gov.br/app/editais/86900545000170/2024/18""}";Compras.gov.br;AGENCIA ESPACIAL BRASILEIRA - AEB;AGENCIA ESPACIAL BRASILEIRA;Dispensa;53.704,00;Divulgada no PNCP;N
15/08/2024;"{""hyperlink"":""https://pncp.gov.br/app/editais/86900545000170/2024/17"",""tooltip"":""https://pncp.gov.br/app/editais/86900545000170/2024/17""}";Compras.gov.br;AGENCIA ESPACIAL BRASILEIRA - AEB;AGENCIA ESPACIAL BRASILEIRA;Pregão - Eletrônico;586.357,20;Divulgada no PNCP;N
14/08/2024;"{""hyperlink"":""https://pncp.gov.br/app/editais/86900545000170/2024/16"",""tooltip"":""https://pncp.gov.br/app/editais/86900545000170/2024/16""}";Compras.gov.br;AGENCIA ESPACIAL BRASILEIRA - AEB;AGENCIA ESPACIAL BRASILEIRA;Dispensa;42.619,87;Divulgada no PNCP;N
07/08/2024;"{""hyperlink"":""https://pncp.gov.br/app/editais/86900545000170/2023/86"",""tooltip"":""https://pncp.gov.br/app/editais/86900545000170/2023/86""}";Compras.gov.br;AGENCIA ESPACIAL BRASILEIRA - AEB;AGENCIA ESPACIAL BRASILEIRA;Inexigibilidade;1.825,68;Divulgada no PNCP;N
07/08/2024;"{""hyperlink"":""https://pncp.gov.br/app/editais/86900545000170/2023/85"",""tooltip"":""https://pncp.gov.br/app/editais/86900545000170/2023/85""}";Compras.gov.br;AGENCIA ESPACIAL BRASILEIRA - AEB;AGENCIA ESPACIAL BRASILEIRA;Dispensa;6.760,00;Divulgada no PNCP;N
07/08/2024;"{""hyperlink"":""https://pncp.gov.br/app/editais/86900545000170/2023/84"",""tooltip"":""https://pncp.gov.br/app/editais/86900545000170/2023/84""}";Compras.gov.br;AGENCIA ESPACIAL BRASILEIRA - AEB;AGENCIA ESPACIAL BRASILEIRA;Inexigibilidade;6.239,00;Divulgada no PNCP;N
22/07/2024;"{""hyperlink"":""https://pncp.gov.br/app/editais/86900545000170/2024/15"",""tooltip"":""https://pncp.gov.br/app/editais/86900545000170/2024/15""}";Compras.gov.br;AGENCIA ESPACIAL BRASILEIRA - AEB;AGENCIA ESPACIAL BRASILEIRA;Pregão - Eletrônico;618.400,20;Divulgada no PNCP;N
15/07/2024;"{""hyperlink"":""https://pncp.gov.br/app/editais/86900545000170/2024/14"",""tooltip"":""https://pncp.gov.br/app/editais/86900545000170/2024/14""}";Compras.gov.br;AGENCIA ESPACIAL BRASILEIRA - AEB;AGENCIA ESPACIAL BRASILEIRA;Dispensa;29.379,68;Divulgada no PNCP;N
10/07/2024;"{""hyperlink"":""https://pncp.gov.br/app/editais/86900545000170/2023/83"",""tooltip"":""https://pncp.gov.br/app/editais/86900545000170/2023/83""}";Compras.gov.br;AGENCIA ESPACIAL BRASILEIRA - AEB;AGENCIA ESPACIAL BRASILEIRA;Inexigibilidade;43.460,00;Divulgada no PNCP;N
24/06/2024;"{""hyperlink"":""https://pncp.gov.br/app/editais/86900545000170/2024/12"",""tooltip"":""https://pncp.gov.br/app/editais/86900545000170/2024/12""}";Compras.gov.br;AGENCIA ESPACIAL BRASILEIRA - AEB;AGENCIA ESPACIAL BRASILEIRA;Dispensa;1.892,38;Divulgada no PNCP;N
24/06/2024;"{""hyperlink"":""https://pncp.gov.br/app/editais/86900545000170/2024/11"",""tooltip"":""https://pncp.gov.br/app/editais/86900545000170/2024/11""}";Compras.gov.br;AGENCIA ESPACIAL BRASILEIRA - AEB;AGENCIA ESPACIAL BRASILEIRA;Inexigibilidade;1.500,00;Divulgada no PNCP;N
20/06/2024;"{""hyperlink"":""https://pncp.gov.br/app/editais/86900545000170/2024/10"",""tooltip"":""https://pncp.gov.br/app/editais/86900545000170/2024/10""}";Compras.gov.br;AGENCIA ESPACIAL BRASILEIRA - AEB;AGENCIA ESPACIAL BRASILEIRA;Dispensa;39.466,85;Divulgada no PNCP;N
20/06/2024;"{""hyperlink"":""https://pncp.gov.br/app/editais/86900545000170/2024/9"",""tooltip"":""https://pncp.gov.br/app/editais/86900545000170/2024/9""}";Compras.gov.br;AGENCIA ESPACIAL BRASILEIRA - AEB;AGENCIA ESPACIAL BRASILEIRA;Inexigibilidade;555.701,31;Divulgada no PNCP;N
19/06/2024;"{""hyperlink"":""https://pncp.gov.br/app/editais/86900545000170/2024/8"",""tooltip"":""https://pncp.gov.br/app/editais/86900545000170/2024/8""}";Compras.gov.br;AGENCIA ESPACIAL BRASILEIRA - AEB;AGENCIA ESPACIAL BRASILEIRA;Pregão - Eletrônico;391.284,00;Divulgada no PNCP;N
28/05/2024;"{""hyperlink"":""https://pncp.gov.br/app/editais/86900545000170/2024/7"",""tooltip"":""https://pncp.gov.br/app/editais/86900545000170/2024/7""}";Compras.gov.br;AGENCIA ESPACIAL BRASILEIRA - AEB;AGENCIA ESPACIAL BRASILEIRA;Inexigibilidade;3.747,00;Divulgada no PNCP;N
27/05/2024;"{""hyperlink"":""https://pncp.gov.br/app/editais/86900545000170/2024/6"",""tooltip"":""https://pncp.gov.br/app/editais/86900545000170/2024/6""}";Compras.gov.br;AGENCIA ESPACIAL BRASILEIRA - AEB;AGENCIA ESPACIAL BRASILEIRA;Pregão - Eletrônico;144.606,95;Divulgada no PNCP;N
22/05/2024;"{""hyperlink"":""https://pncp.gov.br/app/editais/86900545000170/2024/5"",""tooltip"":""https://pncp.gov.br/app/editais/86900545000170/2024/5""}";Compras.gov.br;AGENCIA ESPACIAL BRASILEIRA - AEB;AGENCIA ESPACIAL BRASILEIRA;Pregão - Eletrônico;560.158,60;Divulgada no PNCP;N
21/05/2024;"{""hyperlink"":""https://pncp.gov.br/app/editais/86900545000170/2024/4"",""tooltip"":""https://pncp.gov.br/app/editais/86900545000170/2024/4""}";Compras.gov.br;AGENCIA ESPACIAL BRASILEIRA - AEB;AGENCIA ESPACIAL BRASILEIRA;Inexigibilidade;1,00;Divulgada no PNCP;N
25/04/2024;"{""hyperlink"":""https://pncp.gov.br/app/editais/86900545000170/2024/3"",""tooltip"":""https://pncp.gov.br/app/editais/86900545000170/2024/3""}";Compras.gov.br;AGENCIA ESPACIAL BRASILEIRA - AEB;AGENCIA ESPACIAL BRASILEIRA;Dispensa;48.399,96;Divulgada no PNCP;N
19/04/2024;"{""hyperlink"":""https://pncp.gov.br/app/editais/86900545000170/2024/2"",""tooltip"":""https://pncp.gov.br/app/editais/86900545000170/2024/2""}";Compras.gov.br;AGENCIA ESPACIAL BRASILEIRA - AEB;AGENCIA ESPACIAL BRASILEIRA;Inexigibilidade;1.499,25;Divulgada no PNCP;N
18/04/2024;"{""hyperlink"":""https://pncp.gov.br/app/editais/86900545000170/2023/82"",""tooltip"":""https://pncp.gov.br/app/editais/86900545000170/2023/82""}";Compras.gov.br;AGENCIA ESPACIAL BRASILEIRA - AEB;AGENCIA ESPACIAL BRASILEIRA;Dispensa;58.199,04;Divulgada no PNCP;N
25/03/2024;"{""hyperlink"":""https://pncp.gov.br/app/editais/86900545000170/2022/55"",""tooltip"":""https://pncp.gov.br/app/editais/86900545000170/2022/55""}";Compras.gov.br;AGENCIA ESPACIAL BRASILEIRA - AEB;AGENCIA ESPACIAL BRASILEIRA;Dispensa;17.936,00;Divulgada no PNCP;N
19/03/2024;"{""hyperlink"":""https://pncp.gov.br/app/editais/86900545000170/2024/1"",""tooltip"":""https://pncp.gov.br/app/editais/86900545000170/2024/1""}";Compras.gov.br;AGENCIA ESPACIAL BRASILEIRA - AEB;AGENCIA ESPACIAL BRASILEIRA;Inexigibilidade;1.990,00;Divulgada no PNCP;N
01/03/2024;"{""hyperlink"":""https://pncp.gov.br/app/editais/86900545000170/2023/81"",""tooltip"":""https://pncp.gov.br/app/editais/86900545000170/2023/81""}";Compras.gov.br;AGENCIA ESPACIAL BRASILEIRA - AEB;AGENCIA ESPACIAL BRASILEIRA;Inexigibilidade;3.907,58;Divulgada no PNCP;N
15/02/2024;"{""hyperlink"":""https://pncp.gov.br/app/editais/86900545000170/2022/54"",""tooltip"":""https://pncp.gov.br/app/editais/86900545000170/2022/54""}";Compras.gov.br;AGENCIA ESPACIAL BRASILEIRA - AEB;AGENCIA ESPACIAL BRASILEIRA;Dispensa;18.690,40;Divulgada no PNCP;N
08/02/2024;"{""hyperlink"":""https://pncp.gov.br/app/editais/86900545000170/2023/80"",""tooltip"":""https://pncp.gov.br/app/editais/86900545000170/2023/80""}";Compras.gov.br;AGENCIA ESPACIAL BRASILEIRA - AEB;AGENCIA ESPACIAL BRASILEIRA;Inexigibilidade;5.604,00;Divulgada no PNCP;N
31/01/2024;"{""hyperlink"":""https://pncp.gov.br/app/editais/86900545000170/2023/79"",""tooltip"":""https://pncp.gov.br/app/editais/86900545000170/2023/79""}";Compras.gov.br;AGENCIA ESPACIAL BRASILEIRA - AEB;AGENCIA ESPACIAL BRASILEIRA;Inexigibilidade;10.600,00;Divulgada no PNCP;N
30/01/2024;"{""hyperlink"":""https://pncp.gov.br/app/editais/86900545000170/2023/78"",""tooltip"":""https://pncp.gov.br/app/editais/86900545000170/2023/78""}";Compras.gov.br;AGENCIA ESPACIAL BRASILEIRA - AEB;AGENCIA ESPACIAL BRASILEIRA;Dispensa;2.925,00;Divulgada no PNCP;N
10/01/2024;"{""hyperlink"":""https://pncp.gov.br/app/editais/86900545000170/2023/77"",""tooltip"":""https://pncp.gov.br/app/editais/86900545000170/2023/77""}";Compras.gov.br;AGENCIA ESPACIAL BRASILEIRA - AEB;AGENCIA ESPACIAL BRASILEIRA;Dispensa;2.066,66;Divulgada no PNCP;N
08/01/2024;"{""hyperlink"":""https://pncp.gov.br/app/editais/86900545000170/2023/76"",""tooltip"":""https://pncp.gov.br/app/editais/86900545000170/2023/76""}";Compras.gov.br;AGENCIA ESPACIAL BRASILEIRA - AEB;AGENCIA ESPACIAL BRASILEIRA;Dispensa;3.996,00;Divulgada no PNCP;N
05/01/2024;"{""hyperlink"":""https://pncp.gov.br/app/editais/86900545000170/2022/53"",""tooltip"":""https://pncp.gov.br/app/editais/86900545000170/2022/53""}";Compras.gov.br;AGENCIA ESPACIAL BRASILEIRA - AEB;AGENCIA ESPACIAL BRASILEIRA;Dispensa;6.030,00;Divulgada no PNCP;N
12/12/2023;"{""hyperlink"":""https://pncp.gov.br/app/editais/86900545000170/2022/52"",""tooltip"":""https://pncp.gov.br/app/editais/86900545000170/2022/52""}";Compras.gov.br;AGENCIA ESPACIAL BRASILEIRA - AEB;AGENCIA ESPACIAL BRASILEIRA;Dispensa;44.000,00;Divulgada no PNCP;N
12/12/2023;"{""hyperlink"":""https://pncp.gov.br/app/editais/86900545000170/2022/51"",""tooltip"":""https://pncp.gov.br/app/editais/86900545000170/2022/51""}";Compras.gov.br;AGENCIA ESPACIAL BRASILEIRA - AEB;AGENCIA ESPACIAL BRASILEIRA;Dispensa;3.322.960,00;Divulgada no PNCP;N
23/11/2023;"{""hyperlink"":""https://pncp.gov.br/app/editais/86900545000170/2022/50"",""tooltip"":""https://pncp.gov.br/app/editais/86900545000170/2022/50""}";Compras.gov.br;AGENCIA ESPACIAL BRASILEIRA - AEB;AGENCIA ESPACIAL BRASILEIRA;Inexigibilidade;5.399,00;Divulgada no PNCP;N
22/11/2023;"{""hyperlink"":""https://pncp.gov.br/app/editais/86900545000170/2023/75"",""tooltip"":""https://pncp.gov.br/app/editais/86900545000170/2023/75""}";Compras.gov.br;AGENCIA ESPACIAL BRASILEIRA - AEB;AGENCIA ESPACIAL BRASILEIRA;Pregão - Eletrônico;2.799.427,50;Divulgada no PNCP;N
20/11/2023;"{""hyperlink"":""https://pncp.gov.br/app/editais/86900545000170/2023/74"",""tooltip"":""https://pncp.gov.br/app/editais/86900545000170/2023/74""}";Compras.gov.br;AGENCIA ESPACIAL BRASILEIRA - AEB;AGENCIA ESPACIAL BRASILEIRA;Dispensa;4.549,00;Divulgada no PNCP;N
20/11/2023;"{""hyperlink"":""https://pncp.gov.br/app/editais/86900545000170/2023/73"",""tooltip"":""https://pncp.gov.br/app/editais/86900545000170/2023/73""}";Compras.gov.br;AGENCIA ESPACIAL BRASILEIRA - AEB;AGENCIA ESPACIAL BRASILEIRA;Dispensa;23.700,00;Divulgada no PNCP;N
26/10/2023;"{""hyperlink"":""https://pncp.gov.br/app/editais/86900545000170/2023/72"",""tooltip"":""https://pncp.gov.br/app/editais/86900545000170/2023/72""}";Compras.gov.br;AGENCIA ESPACIAL BRASILEIRA - AEB;AGENCIA ESPACIAL BRASILEIRA;Inexigibilidade;6.426,00;Divulgada no PNCP;N
26/10/2023;"{""hyperlink"":""https://pncp.gov.br/app/editais/86900545000170/2023/71"",""tooltip"":""https://pncp.gov.br/app/editais/86900545000170/2023/71""}";Compras.gov.br;AGENCIA ESPACIAL BRASILEIRA - AEB;AGENCIA ESPACIAL BRASILEIRA;Inexigibilidade;3.213,00;Divulgada no PNCP;N
26/10/2023;"{""hyperlink"":""https://pncp.gov.br/app/editais/86900545000170/2023/70"",""tooltip"":""https://pncp.gov.br/app/editais/86900545000170/2023/70""}";Compras.gov.br;AGENCIA ESPACIAL BRASILEIRA - AEB;AGENCIA ESPACIAL BRASILEIRA;Pregão - Eletrônico;709.154,28;Divulgada no PNCP;N
23/10/2023;"{""hyperlink"":""https://pncp.gov.br/app/editais/86900545000170/2023/69"",""tooltip"":""https://pncp.gov.br/app/editais/86900545000170/2023/69""}";Compras.gov.br;AGENCIA ESPACIAL BRASILEIRA - AEB;AGENCIA ESPACIAL BRASILEIRA;Pregão - Eletrônico;342.135,00;Divulgada no PNCP;N
19/10/2023;"{""hyperlink"":""https://pncp.gov.br/app/editais/86900545000170/2023/68"",""tooltip"":""https://pncp.gov.br/app/editais/86900545000170/2023/68""}";Compras.gov.br;AGENCIA ESPACIAL BRASILEIRA - AEB;AGENCIA ESPACIAL BRASILEIRA;Dispensa;4.050,80;Divulgada no PNCP;N
25/09/2023;"{""hyperlink"":""https://pncp.gov.br/app/editais/86900545000170/2023/67"",""tooltip"":""https://pncp.gov.br/app/editais/86900545000170/2023/67""}";Compras.gov.br;AGENCIA ESPACIAL BRASILEIRA - AEB;AGENCIA ESPACIAL BRASILEIRA;Dispensa;5.156,00;Divulgada no PNCP;N
25/09/2023;"{""hyperlink"":""https://pncp.gov.br/app/editais/86900545000170/2023/66"",""tooltip"":""https://pncp.gov.br/app/editais/86900545000170/2023/66""}";Compras.gov.br;AGENCIA ESPACIAL BRASILEIRA - AEB;AGENCIA ESPACIAL BRASILEIRA;Dispensa;1.280,00;Divulgada no PNCP;N
20/09/2023;"{""hyperlink"":""https://pncp.gov.br/app/editais/86900545000170/2023/65"",""tooltip"":""https://pncp.gov.br/app/editais/86900545000170/2023/65""}";Compras.gov.br;AGENCIA ESPACIAL BRASILEIRA - AEB;AGENCIA ESPACIAL BRASILEIRA;Dispensa;43.980,00;Divulgada no PNCP;N
20/09/2023;"{""hyperlink"":""https://pncp.gov.br/app/editais/86900545000170/2023/64"",""tooltip"":""https://pncp.gov.br/app/editais/86900545000170/2023/64""}";Compras.gov.br;AGENCIA ESPACIAL BRASILEIRA - AEB;AGENCIA ESPACIAL BRASILEIRA;Dispensa;6.290,00;Divulgada no PNCP;N
14/09/2023;"{""hyperlink"":""https://pncp.gov.br/app/editais/86900545000170/2023/63"",""tooltip"":""https://pncp.gov.br/app/editais/86900545000170/2023/63""}";Compras.gov.br;AGENCIA ESPACIAL BRASILEIRA - AEB;AGENCIA ESPACIAL BRASILEIRA;Dispensa;12.000,00;Divulgada no PNCP;N
01/09/2023;"{""hyperlink"":""https://pncp.gov.br/app/editais/86900545000170/2023/62"",""tooltip"":""https://pncp.gov.br/app/editais/86900545000170/2023/62""}";Compras.gov.br;AGENCIA ESPACIAL BRASILEIRA - AEB;AGENCIA ESPACIAL BRASILEIRA;Dispensa;8.000,00;Divulgada no PNCP;N
29/08/2023;"{""hyperlink"":""https://pncp.gov.br/app/editais/86900545000170/2023/61"",""tooltip"":""https://pncp.gov.br/app/editais/86900545000170/2023/61""}";Compras.gov.br;AGENCIA ESPACIAL BRASILEIRA - AEB;AGENCIA ESPACIAL BRASILEIRA;Dispensa;24.106,80;Anulada;N
28/08/2023;"{""hyperlink"":""https://pncp.gov.br/app/editais/86900545000170/2023/60"",""tooltip"":""https://pncp.gov.br/app/editais/86900545000170/2023/60""}";Compras.gov.br;AGENCIA ESPACIAL BRASILEIRA - AEB;AGENCIA ESPACIAL BRASILEIRA;Dispensa;6.200,00;Divulgada no PNCP;N
28/08/2023;"{""hyperlink"":""https://pncp.gov.br/app/editais/86900545000170/2023/59"",""tooltip"":""https://pncp.gov.br/app/editais/86900545000170/2023/59""}";Compras.gov.br;AGENCIA ESPACIAL BRASILEIRA - AEB;AGENCIA ESPACIAL BRASILEIRA;Dispensa;8.825,78;Divulgada no PNCP;N
22/08/2023;"{""hyperlink"":""https://pncp.gov.br/app/editais/86900545000170/2023/58"",""tooltip"":""https://pncp.gov.br/app/editais/86900545000170/2023/58""}";Compras.gov.br;AGENCIA ESPACIAL BRASILEIRA - AEB;AGENCIA ESPACIAL BRASILEIRA;Inexigibilidade;6.257,49;Divulgada no PNCP;N
16/08/2023;"{""hyperlink"":""https://pncp.gov.br/app/editais/86900545000170/2023/57"",""tooltip"":""https://pncp.gov.br/app/editais/86900545000170/2023/57""}";Compras.gov.br;AGENCIA ESPACIAL BRASILEIRA - AEB;AGENCIA ESPACIAL BRASILEIRA;Inexigibilidade;240.000,00;Divulgada no PNCP;N
16/08/2023;"{""hyperlink"":""https://pncp.gov.br/app/editais/86900545000170/2023/56"",""tooltip"":""https://pncp.gov.br/app/editais/86900545000170/2023/56""}";Compras.gov.br;AGENCIA ESPACIAL BRASILEIRA - AEB;AGENCIA ESPACIAL BRASILEIRA;Inexigibilidade;222.663,04;Anulada;N
16/08/2023;"{""hyperlink"":""https://pncp.gov.br/app/editais/86900545000170/2023/55"",""tooltip"":""https://pncp.gov.br/app/editais/86900545000170/2023/55""}";Compras.gov.br;AGENCIA ESPACIAL BRASILEIRA - AEB;AGENCIA ESPACIAL BRASILEIRA;Inexigibilidade;222.663,04;Anulada;N
15/08/2023;"{""hyperlink"":""https://pncp.gov.br/app/editais/86900545000170/2023/54"",""tooltip"":""https://pncp.gov.br/app/editais/86900545000170/2023/54""}";Compras.gov.br;AGENCIA ESPACIAL BRASILEIRA - AEB;AGENCIA ESPACIAL BRASILEIRA;Inexigibilidade;90.137,88;Divulgada no PNCP;N
10/08/2023;"{""hyperlink"":""https://pncp.gov.br/app/editais/86900545000170/2023/53"",""tooltip"":""https://pncp.gov.br/app/editais/86900545000170/2023/53""}";Compras.gov.br;AGENCIA ESPACIAL BRASILEIRA - AEB;AGENCIA ESPACIAL BRASILEIRA;Dispensa;55.748,58;Divulgada no PNCP;N
07/08/2023;"{""hyperlink"":""https://pncp.gov.br/app/editais/86900545000170/2023/52"",""tooltip"":""https://pncp.gov.br/app/editais/86900545000170/2023/52""}";Compras.gov.br;AGENCIA ESPACIAL BRASILEIRA - AEB;AGENCIA ESPACIAL BRASILEIRA;Inexigibilidade;5.932,00;Divulgada no PNCP;N
07/08/2023;"{""hyperlink"":""https://pncp.gov.br/app/editais/86900545000170/2023/51"",""tooltip"":""https://pncp.gov.br/app/editais/86900545000170/2023/51""}";Compras.gov.br;AGENCIA ESPACIAL BRASILEIRA - AEB;AGENCIA ESPACIAL BRASILEIRA;Dispensa;1.506,00;Divulgada no PNCP;N
07/08/2023;"{""hyperlink"":""https://pncp.gov.br/app/editais/86900545000170/2023/50"",""tooltip"":""https://pncp.gov.br/app/editais/86900545000170/2023/50""}";Compras.gov.br;AGENCIA ESPACIAL BRASILEIRA - AEB;AGENCIA ESPACIAL BRASILEIRA;Dispensa;4.646,00;Divulgada no PNCP;N
31/07/2023;"{""hyperlink"":""https://pncp.gov.br/app/editais/86900545000170/2023/49"",""tooltip"":""https://pncp.gov.br/app/editais/86900545000170/2023/49""}";Compras.gov.br;AGENCIA ESPACIAL BRASILEIRA - AEB;AGENCIA ESPACIAL BRASILEIRA;Pregão - Eletrônico;313.721,70;Divulgada no PNCP;N
19/07/2023;"{""hyperlink"":""https://pncp.gov.br/app/editais/86900545000170/2023/48"",""tooltip"":""https://pncp.gov.br/app/editais/86900545000170/2023/48""}";Compras.gov.br;AGENCIA ESPACIAL BRASILEIRA - AEB;AGENCIA ESPACIAL BRASILEIRA;Dispensa;31.240,00;Divulgada no PNCP;N
13/07/2023;"{""hyperlink"":""https://pncp.gov.br/app/editais/86900545000170/2023/47"",""tooltip"":""https://pncp.gov.br/app/editais/86900545000170/2023/47""}";Compras.gov.br;AGENCIA ESPACIAL BRASILEIRA - AEB;AGENCIA ESPACIAL BRASILEIRA;Inexigibilidade;9.870,00;Divulgada no PNCP;N
12/07/2023;"{""hyperlink"":""https://pncp.gov.br/app/editais/86900545000170/2023/46"",""tooltip"":""https://pncp.gov.br/app/editais/86900545000170/2023/46""}";Compras.gov.br;AGENCIA ESPACIAL BRASILEIRA - AEB;AGENCIA ESPACIAL BRASILEIRA;Pregão - Eletrônico;96.849,20;Divulgada no PNCP;N
04/07/2023;"{""hyperlink"":""https://pncp.gov.br/app/editais/86900545000170/2023/45"",""tooltip"":""https://pncp.gov.br/app/editais/86900545000170/2023/45""}";Compras.gov.br;AGENCIA ESPACIAL BRASILEIRA - AEB;AGENCIA ESPACIAL BRASILEIRA;Dispensa;22.664,06;Divulgada no PNCP;N
03/07/2023;"{""hyperlink"":""https://pncp.gov.br/app/editais/86900545000170/2023/44"",""tooltip"":""https://pncp.gov.br/app/editais/86900545000170/2023/44""}";Compras.gov.br;AGENCIA ESPACIAL BRASILEIRA - AEB;AGENCIA ESPACIAL BRASILEIRA;Inexigibilidade;176.378,55;Divulgada no PNCP;N
03/07/2023;"{""hyperlink"":""https://pncp.gov.br/app/editais/86900545000170/2023/43"",""tooltip"":""https://pncp.gov.br/app/editais/86900545000170/2023/43""}";Compras.gov.br;AGENCIA ESPACIAL BRASILEIRA - AEB;AGENCIA ESPACIAL BRASILEIRA;Dispensa;11.994,89;Divulgada no PNCP;N
28/06/2023;"{""hyperlink"":""https://pncp.gov.br/app/editais/86900545000170/2023/42"",""tooltip"":""https://pncp.gov.br/app/editais/86900545000170/2023/42""}";Compras.gov.br;AGENCIA ESPACIAL BRASILEIRA - AEB;AGENCIA ESPACIAL BRASILEIRA;Inexigibilidade;2.568,09;Divulgada no PNCP;N
28/06/2023;"{""hyperlink"":""https://pncp.gov.br/app/editais/86900545000170/2023/41"",""tooltip"":""https://pncp.gov.br/app/editais/86900545000170/2023/41""}";Compras.gov.br;AGENCIA ESPACIAL BRASILEIRA - AEB;AGENCIA ESPACIAL BRASILEIRA;Inexigibilidade;238.710,90;Divulgada no PNCP;N
23/06/2023;"{""hyperlink"":""https://pncp.gov.br/app/editais/86900545000170/2023/40"",""tooltip"":""https://pncp.gov.br/app/editais/86900545000170/2023/40""}";Compras.gov.br;AGENCIA ESPACIAL BRASILEIRA - AEB;AGENCIA ESPACIAL BRASILEIRA;Dispensa;30.000,00;Divulgada no PNCP;N
19/06/2023;"{""hyperlink"":""https://pncp.gov.br/app/editais/86900545000170/2023/39"",""tooltip"":""https://pncp.gov.br/app/editais/86900545000170/2023/39""}";Compras.gov.br;AGENCIA ESPACIAL BRASILEIRA - AEB;AGENCIA ESPACIAL BRASILEIRA;Dispensa;69.000,00;Divulgada no PNCP;N
29/05/2023;"{""hyperlink"":""https://pncp.gov.br/app/editais/86900545000170/2023/38"",""tooltip"":""https://pncp.gov.br/app/editais/86900545000170/2023/38""}";Compras.gov.br;AGENCIA ESPACIAL BRASILEIRA - AEB;AGENCIA ESPACIAL BRASILEIRA;Dispensa;33.600,00;Divulgada no PNCP;N
25/05/2023;"{""hyperlink"":""https://pncp.gov.br/app/editais/86900545000170/2023/37"",""tooltip"":""https://pncp.gov.br/app/editais/86900545000170/2023/37""}";Compras.gov.br;AGENCIA ESPACIAL BRASILEIRA - AEB;AGENCIA ESPACIAL BRASILEIRA;Dispensa;6.474,00;Divulgada no PNCP;N
24/05/2023;"{""hyperlink"":""https://pncp.gov.br/app/editais/86900545000170/2023/36"",""tooltip"":""https://pncp.gov.br/app/editais/86900545000170/2023/36""}";Compras.gov.br;AGENCIA ESPACIAL BRASILEIRA - AEB;AGENCIA ESPACIAL BRASILEIRA;Dispensa;1.950,00;Divulgada no PNCP;N
23/05/2023;"{""hyperlink"":""https://pncp.gov.br/app/editais/86900545000170/2023/35"",""tooltip"":""https://pncp.gov.br/app/editais/86900545000170/2023/35""}";Compras.gov.br;AGENCIA ESPACIAL BRASILEIRA - AEB;AGENCIA ESPACIAL BRASILEIRA;Dispensa;16.163,10;Divulgada no PNCP;N
22/05/2023;"{""hyperlink"":""https://pncp.gov.br/app/editais/86900545000170/2023/34"",""tooltip"":""https://pncp.gov.br/app/editais/86900545000170/2023/34""}";Compras.gov.br;AGENCIA ESPACIAL BRASILEIRA - AEB;AGENCIA ESPACIAL BRASILEIRA;Dispensa;36.480,00;Divulgada no PNCP;N
18/05/2023;"{""hyperlink"":""https://pncp.gov.br/app/editais/86900545000170/2023/33"",""tooltip"":""https://pncp.gov.br/app/editais/86900545000170/2023/33""}";Compras.gov.br;AGENCIA ESPACIAL BRASILEIRA - AEB;AGENCIA ESPACIAL BRASILEIRA;Inexigibilidade;103.040,00;Divulgada no PNCP;N
18/05/2023;"{""hyperlink"":""https://pncp.gov.br/app/editais/86900545000170/2023/32"",""tooltip"":""https://pncp.gov.br/app/editais/86900545000170/2023/32""}";Compras.gov.br;AGENCIA ESPACIAL BRASILEIRA - AEB;AGENCIA ESPACIAL BRASILEIRA;Dispensa;2.301,00;Divulgada no PNCP;N
15/05/2023;"{""hyperlink"":""https://pncp.gov.br/app/editais/86900545000170/2023/31"",""tooltip"":""https://pncp.gov.br/app/editais/86900545000170/2023/31""}";Compras.gov.br;AGENCIA ESPACIAL BRASILEIRA - AEB;AGENCIA ESPACIAL BRASILEIRA;Dispensa;6.807,53;Divulgada no PNCP;N
09/05/2023;"{""hyperlink"":""https://pncp.gov.br/app/editais/86900545000170/2023/30"",""tooltip"":""https://pncp.gov.br/app/editais/86900545000170/2023/30""}";Compras.gov.br;AGENCIA ESPACIAL BRASILEIRA - AEB;AGENCIA ESPACIAL BRASILEIRA;Dispensa;3.800,00;Divulgada no PNCP;N
02/05/2023;"{""hyperlink"":""https://pncp.gov.br/app/editais/86900545000170/2023/29"",""tooltip"":""https://pncp.gov.br/app/editais/86900545000170/2023/29""}";Compras.gov.br;AGENCIA ESPACIAL BRASILEIRA - AEB;AGENCIA ESPACIAL BRASILEIRA;Dispensa;1.180,00;Anulada;N
02/05/2023;"{""hyperlink"":""https://pncp.gov.br/app/editais/86900545000170/2023/28"",""tooltip"":""https://pncp.gov.br/app/editais/86900545000170/2023/28""}";Compras.gov.br;AGENCIA ESPACIAL BRASILEIRA - AEB;AGENCIA ESPACIAL BRASILEIRA;Dispensa;839,60;Divulgada no PNCP;N
25/04/2023;"{""hyperlink"":""https://pncp.gov.br/app/editais/86900545000170/2023/27"",""tooltip"":""https://pncp.gov.br/app/editais/86900545000170/2023/27""}";Compras.gov.br;AGENCIA ESPACIAL BRASILEIRA - AEB;AGENCIA ESPACIAL BRASILEIRA;Dispensa;15.000,00;Divulgada no PNCP;N
25/04/2023;"{""hyperlink"":""https://pncp.gov.br/app/editais/86900545000170/2023/26"",""tooltip"":""https://pncp.gov.br/app/editais/86900545000170/2023/26""}";Compras.gov.br;AGENCIA ESPACIAL BRASILEIRA - AEB;AGENCIA ESPACIAL BRASILEIRA;Dispensa;2.865,00;Divulgada no PNCP;N
18/04/2023;"{""hyperlink"":""https://pncp.gov.br/app/editais/86900545000170/2023/25"",""tooltip"":""https://pncp.gov.br/app/editais/86900545000170/2023/25""}";Compras.gov.br;AGENCIA ESPACIAL BRASILEIRA - AEB;AGENCIA ESPACIAL BRASILEIRA;Dispensa;4.308,56;Divulgada no PNCP;N
18/04/2023;"{""hyperlink"":""https://pncp.gov.br/app/editais/86900545000170/2023/24"",""tooltip"":""https://pncp.gov.br/app/editais/86900545000170/2023/24""}";Compras.gov.br;AGENCIA ESPACIAL BRASILEIRA - AEB;AGENCIA ESPACIAL BRASILEIRA;Dispensa;6.807,53;Divulgada no PNCP;N
17/04/2023;"{""hyperlink"":""https://pncp.gov.br/app/editais/86900545000170/2023/23"",""tooltip"":""https://pncp.gov.br/app/editais/86900545000170/2023/23""}";Compras.gov.br;AGENCIA ESPACIAL BRASILEIRA - AEB;AGENCIA ESPACIAL BRASILEIRA;Pregão - Eletrônico;133.692,62;Divulgada no PNCP;N
14/04/2023;"{""hyperlink"":""https://pncp.gov.br/app/editais/86900545000170/2023/22"",""tooltip"":""https://pncp.gov.br/app/editais/86900545000170/2023/22""}";Compras.gov.br;AGENCIA ESPACIAL BRASILEIRA - AEB;AGENCIA ESPACIAL BRASILEIRA;Inexigibilidade;2.000,00;Divulgada no PNCP;N
13/04/2023;"{""hyperlink"":""https://pncp.gov.br/app/editais/86900545000170/2023/21"",""tooltip"":""https://pncp.gov.br/app/editais/86900545000170/2023/21""}";Compras.gov.br;AGENCIA ESPACIAL BRASILEIRA - AEB;AGENCIA ESPACIAL BRASILEIRA;Dispensa;1.800,00;Divulgada no PNCP;N
13/04/2023;"{""hyperlink"":""https://pncp.gov.br/app/editais/86900545000170/2023/20"",""tooltip"":""https://pncp.gov.br/app/editais/86900545000170/2023/20""}";Compras.gov.br;AGENCIA ESPACIAL BRASILEIRA - AEB;AGENCIA ESPACIAL BRASILEIRA;Dispensa;14.641,20;Divulgada no PNCP;N
11/04/2023;"{""hyperlink"":""https://pncp.gov.br/app/editais/86900545000170/2023/19"",""tooltip"":""https://pncp.gov.br/app/editais/86900545000170/2023/19""}";Compras.gov.br;AGENCIA ESPACIAL BRASILEIRA - AEB;AGENCIA ESPACIAL BRASILEIRA;Inexigibilidade;2,00;Anulada;N
11/04/2023;"{""hyperlink"":""https://pncp.gov.br/app/editais/86900545000170/2023/18"",""tooltip"":""https://pncp.gov.br/app/editais/86900545000170/2023/18""}";Compras.gov.br;AGENCIA ESPACIAL BRASILEIRA - AEB;AGENCIA ESPACIAL BRASILEIRA;Pregão - Eletrônico;110.000,00;Divulgada no PNCP;N
10/04/2023;"{""hyperlink"":""https://pncp.gov.br/app/editais/86900545000170/2023/17"",""tooltip"":""https://pncp.gov.br/app/editais/86900545000170/2023/17""}";Compras.gov.br;AGENCIA ESPACIAL BRASILEIRA - AEB;AGENCIA ESPACIAL BRASILEIRA;Inexigibilidade;3.890,00;Divulgada no PNCP;N
10/04/2023;"{""hyperlink"":""https://pncp.gov.br/app/editais/86900545000170/2023/16"",""tooltip"":""https://pncp.gov.br/app/editais/86900545000170/2023/16""}";Compras.gov.br;AGENCIA ESPACIAL BRASILEIRA - AEB;AGENCIA ESPACIAL BRASILEIRA;Dispensa;16.548,00;Divulgada no PNCP;N
05/04/2023;"{""hyperlink"":""https://pncp.gov.br/app/editais/86900545000170/2023/15"",""tooltip"":""https://pncp.gov.br/app/editais/86900545000170/2023/15""}";Compras.gov.br;AGENCIA ESPACIAL BRASILEIRA - AEB;AGENCIA ESPACIAL BRASILEIRA;Dispensa;11.840,78;Divulgada no PNCP;N
05/04/2023;"{""hyperlink"":""https://pncp.gov.br/app/editais/86900545000170/2023/14"",""tooltip"":""https://pncp.gov.br/app/editais/86900545000170/2023/14""}";Compras.gov.br;AGENCIA ESPACIAL BRASILEIRA - AEB;AGENCIA ESPACIAL BRASILEIRA;Pregão - Eletrônico;189.817,87;Divulgada no PNCP;N
31/03/2023;"{""hyperlink"":""https://pncp.gov.br/app/editais/86900545000170/2023/13"",""tooltip"":""https://pncp.gov.br/app/editais/86900545000170/2023/13""}";Compras.gov.br;AGENCIA ESPACIAL BRASILEIRA - AEB;AGENCIA ESPACIAL BRASILEIRA;Dispensa;11.840,78;Divulgada no PNCP;N
28/03/2023;"{""hyperlink"":""https://pncp.gov.br/app/editais/86900545000170/2023/12"",""tooltip"":""https://pncp.gov.br/app/editais/86900545000170/2023/12""}";Compras.gov.br;AGENCIA ESPACIAL BRASILEIRA - AEB;AGENCIA ESPACIAL BRASILEIRA;Dispensa;9.228,00;Divulgada no PNCP;N
14/03/2023;"{""hyperlink"":""https://pncp.gov.br/app/editais/86900545000170/2023/11"",""tooltip"":""https://pncp.gov.br/app/editais/86900545000170/2023/11""}";Compras.gov.br;AGENCIA ESPACIAL BRASILEIRA - AEB;AGENCIA ESPACIAL BRASILEIRA;Dispensa;1.210,00;Divulgada no PNCP;N
13/03/2023;"{""hyperlink"":""https://pncp.gov.br/app/editais/86900545000170/2023/10"",""tooltip"":""https://pncp.gov.br/app/editais/86900545000170/2023/10""}";Compras.gov.br;AGENCIA ESPACIAL BRASILEIRA - AEB;AGENCIA ESPACIAL BRASILEIRA;Dispensa;539,60;Divulgada no PNCP;N
16/02/2023;"{""hyperlink"":""https://pncp.gov.br/app/editais/86900545000170/2023/9"",""tooltip"":""https://pncp.gov.br/app/editais/86900545000170/2023/9""}";Compras.gov.br;AGENCIA ESPACIAL BRASILEIRA - AEB;AGENCIA ESPACIAL BRASILEIRA;Dispensa;89.384,40;Divulgada no PNCP;N
09/02/2023;"{""hyperlink"":""https://pncp.gov.br/app/editais/86900545000170/2023/8"",""tooltip"":""https://pncp.gov.br/app/editais/86900545000170/2023/8""}";Compras.gov.br;AGENCIA ESPACIAL BRASILEIRA - AEB;AGENCIA ESPACIAL BRASILEIRA;Inexigibilidade;3.879,69;Divulgada no PNCP;N
09/02/2023;"{""hyperlink"":""https://pncp.gov.br/app/editais/86900545000170/2023/7"",""tooltip"":""https://pncp.gov.br/app/editais/86900545000170/2023/7""}";Compras.gov.br;AGENCIA ESPACIAL BRASILEIRA - AEB;AGENCIA ESPACIAL BRASILEIRA;Dispensa;10.080,00;Divulgada no PNCP;N
23/01/2023;"{""hyperlink"":""https://pncp.gov.br/app/editais/86900545000170/2023/6"",""tooltip"":""https://pncp.gov.br/app/editais/86900545000170/2023/6""}";Compras.gov.br;AGENCIA ESPACIAL BRASILEIRA - AEB;AGENCIA ESPACIAL BRASILEIRA;Inexigibilidade;1.700,00;Divulgada no PNCP;N
23/01/2023;"{""hyperlink"":""https://pncp.gov.br/app/editais/86900545000170/2023/5"",""tooltip"":""https://pncp.gov.br/app/editais/86900545000170/2023/5""}";Compras.gov.br;AGENCIA ESPACIAL BRASILEIRA - AEB;AGENCIA ESPACIAL BRASILEIRA;Dispensa;450,00;Divulgada no PNCP;N
23/01/2023;"{""hyperlink"":""https://pncp.gov.br/app/editais/86900545000170/2023/4"",""tooltip"":""https://pncp.gov.br/app/editais/86900545000170/2023/4""}";Compras.gov.br;AGENCIA ESPACIAL BRASILEIRA - AEB;AGENCIA ESPACIAL BRASILEIRA;Dispensa;3.719,10;Divulgada no PNCP;N
23/01/2023;"{""hyperlink"":""https://pncp.gov.br/app/editais/86900545000170/2023/3"",""tooltip"":""https://pncp.gov.br/app/editais/86900545000170/2023/3""}";Compras.gov.br;AGENCIA ESPACIAL BRASILEIRA - AEB;AGENCIA ESPACIAL BRASILEIRA;Dispensa;2.077,87;Divulgada no PNCP;N
12/01/2023;"{""hyperlink"":""https://pncp.gov.br/app/editais/86900545000170/2023/2"",""tooltip"":""https://pncp.gov.br/app/editais/86900545000170/2023/2""}";Compras.gov.br;AGENCIA ESPACIAL BRASILEIRA - AEB;AGENCIA ESPACIAL BRASILEIRA;Dispensa;900,00;Divulgada no PNCP;N
12/01/2023;"{""hyperlink"":""https://pncp.gov.br/app/editais/86900545000170/2023/1"",""tooltip"":""https://pncp.gov.br/app/editais/86900545000170/2023/1""}";Compras.gov.br;AGENCIA ESPACIAL BRASILEIRA - AEB;AGENCIA ESPACIAL BRASILEIRA;Dispensa;965,90;Divulgada no PNCP;N
14/12/2022;"{""hyperlink"":""https://pncp.gov.br/app/editais/86900545000170/2022/49"",""tooltip"":""https://pncp.gov.br/app/editais/86900545000170/2022/49""}";Compras.gov.br;AGENCIA ESPACIAL BRASILEIRA - AEB;AGENCIA ESPACIAL BRASILEIRA;Inexigibilidade;9.879,40;Divulgada no PNCP;N
29/11/2022;"{""hyperlink"":""https://pncp.gov.br/app/editais/86900545000170/2022/48"",""tooltip"":""https://pncp.gov.br/app/editais/86900545000170/2022/48""}";Compras.gov.br;AGENCIA ESPACIAL BRASILEIRA - AEB;AGENCIA ESPACIAL BRASILEIRA;Dispensa;3.441,00;Divulgada no PNCP;N
17/11/2022;"{""hyperlink"":""https://pncp.gov.br/app/editais/86900545000170/2022/47"",""tooltip"":""https://pncp.gov.br/app/editais/86900545000170/2022/47""}";Compras.gov.br;AGENCIA ESPACIAL BRASILEIRA - AEB;AGENCIA ESPACIAL BRASILEIRA;Inexigibilidade;2.794,00;Divulgada no PNCP;N
08/11/2022;"{""hyperlink"":""https://pncp.gov.br/app/editais/86900545000170/2022/46"",""tooltip"":""https://pncp.gov.br/app/editais/86900545000170/2022/46""}";Compras.gov.br;AGENCIA ESPACIAL BRASILEIRA - AEB;AGENCIA ESPACIAL BRASILEIRA;Dispensa;54.000,00;Divulgada no PNCP;N
18/10/2022;"{""hyperlink"":""https://pncp.gov.br/app/editais/86900545000170/2022/45"",""tooltip"":""https://pncp.gov.br/app/editais/86900545000170/2022/45""}";Compras.gov.br;AGENCIA ESPACIAL BRASILEIRA - AEB;AGENCIA ESPACIAL BRASILEIRA;Dispensa;4.500,00;Divulgada no PNCP;N
11/10/2022;"{""hyperlink"":""https://pncp.gov.br/app/editais/86900545000170/2022/44"",""tooltip"":""https://pncp.gov.br/app/editais/86900545000170/2022/44""}";Compras.gov.br;AGENCIA ESPACIAL BRASILEIRA - AEB;AGENCIA ESPACIAL BRASILEIRA;Dispensa;13.797,00;Divulgada no PNCP;N
06/10/2022;"{""hyperlink"":""https://pncp.gov.br/app/editais/86900545000170/2022/43"",""tooltip"":""https://pncp.gov.br/app/editais/86900545000170/2022/43""}";Compras.gov.br;AGENCIA ESPACIAL BRASILEIRA - AEB;AGENCIA ESPACIAL BRASILEIRA;Dispensa;27.360,00;Divulgada no PNCP;N
03/10/2022;"{""hyperlink"":""https://pncp.gov.br/app/editais/86900545000170/2022/42"",""tooltip"":""https://pncp.gov.br/app/editais/86900545000170/2022/42""}";Compras.gov.br;AGENCIA ESPACIAL BRASILEIRA - AEB;AGENCIA ESPACIAL BRASILEIRA;Dispensa;3.937,20;Divulgada no PNCP;N
29/09/2022;"{""hyperlink"":""https://pncp.gov.br/app/editais/86900545000170/2022/41"",""tooltip"":""https://pncp.gov.br/app/editais/86900545000170/2022/41""}";Compras.gov.br;AGENCIA ESPACIAL BRASILEIRA - AEB;AGENCIA ESPACIAL BRASILEIRA;Dispensa;3.387,93;Divulgada no PNCP;N
22/09/2022;"{""hyperlink"":""https://pncp.gov.br/app/editais/86900545000170/2022/40"",""tooltip"":""https://pncp.gov.br/app/editais/86900545000170/2022/40""}";Compras.gov.br;AGENCIA ESPACIAL BRASILEIRA - AEB;AGENCIA ESPACIAL BRASILEIRA;Dispensa;2.760,00;Divulgada no PNCP;N
12/09/2022;"{""hyperlink"":""https://pncp.gov.br/app/editais/86900545000170/2022/39"",""tooltip"":""https://pncp.gov.br/app/editais/86900545000170/2022/39""}";Compras.gov.br;AGENCIA ESPACIAL BRASILEIRA - AEB;AGENCIA ESPACIAL BRASILEIRA;Dispensa;10.980,00;Divulgada no PNCP;N
06/09/2022;"{""hyperlink"":""https://pncp.gov.br/app/editais/86900545000170/2022/38"",""tooltip"":""https://pncp.gov.br/app/editais/86900545000170/2022/38""}";Compras.gov.br;AGENCIA ESPACIAL BRASILEIRA - AEB;AGENCIA ESPACIAL BRASILEIRA;Inexigibilidade;19.300,00;Divulgada no PNCP;N
23/08/2022;"{""hyperlink"":""https://pncp.gov.br/app/editais/86900545000170/2022/37"",""tooltip"":""https://pncp.gov.br/app/editais/86900545000170/2022/37""}";Compras.gov.br;AGENCIA ESPACIAL BRASILEIRA - AEB;AGENCIA ESPACIAL BRASILEIRA;Dispensa;21.830,00;Divulgada no PNCP;N
23/08/2022;"{""hyperlink"":""https://pncp.gov.br/app/editais/86900545000170/2022/36"",""tooltip"":""https://pncp.gov.br/app/editais/86900545000170/2022/36""}";Compras.gov.br;AGENCIA ESPACIAL BRASILEIRA - AEB;AGENCIA ESPACIAL BRASILEIRA;Inexigibilidade;174.720,00;Divulgada no PNCP;N
22/08/2022;"{""hyperlink"":""https://pncp.gov.br/app/editais/86900545000170/2022/35"",""tooltip"":""https://pncp.gov.br/app/editais/86900545000170/2022/35""}";Compras.gov.br;AGENCIA ESPACIAL BRASILEIRA - AEB;AGENCIA ESPACIAL BRASILEIRA;Dispensa;16.470,00;Divulgada no PNCP;N
19/08/2022;"{""hyperlink"":""https://pncp.gov.br/app/editais/86900545000170/2022/34"",""tooltip"":""https://pncp.gov.br/app/editais/86900545000170/2022/34""}";Compras.gov.br;AGENCIA ESPACIAL BRASILEIRA - AEB;AGENCIA ESPACIAL BRASILEIRA;Inexigibilidade;229.978,00;Divulgada no PNCP;N
19/08/2022;"{""hyperlink"":""https://pncp.gov.br/app/editais/86900545000170/2022/33"",""tooltip"":""https://pncp.gov.br/app/editais/86900545000170/2022/33""}";Compras.gov.br;AGENCIA ESPACIAL BRASILEIRA - AEB;AGENCIA ESPACIAL BRASILEIRA;Dispensa;50.397,00;Divulgada no PNCP;N
19/08/2022;"{""hyperlink"":""https://pncp.gov.br/app/editais/86900545000170/2022/32"",""tooltip"":""https://pncp.gov.br/app/editais/86900545000170/2022/32""}";Compras.gov.br;AGENCIA ESPACIAL BRASILEIRA - AEB;AGENCIA ESPACIAL BRASILEIRA;Dispensa;18.700,00;Divulgada no PNCP;N
16/08/2022;"{""hyperlink"":""https://pncp.gov.br/app/editais/86900545000170/2022/31"",""tooltip"":""https://pncp.gov.br/app/editais/86900545000170/2022/31""}";Compras.gov.br;AGENCIA ESPACIAL BRASILEIRA - AEB;AGENCIA ESPACIAL BRASILEIRA;Inexigibilidade;16.000,00;Divulgada no PNCP;N
12/08/2022;"{""hyperlink"":""https://pncp.gov.br/app/editais/86900545000170/2022/30"",""tooltip"":""https://pncp.gov.br/app/editais/86900545000170/2022/30""}";Compras.gov.br;AGENCIA ESPACIAL BRASILEIRA - AEB;AGENCIA ESPACIAL BRASILEIRA;Dispensa;8.040,00;Divulgada no PNCP;N
12/08/2022;"{""hyperlink"":""https://pncp.gov.br/app/editais/86900545000170/2022/29"",""tooltip"":""https://pncp.gov.br/app/editais/86900545000170/2022/29""}";Compras.gov.br;AGENCIA ESPACIAL BRASILEIRA - AEB;AGENCIA ESPACIAL BRASILEIRA;Dispensa;8.040,00;Divulgada no PNCP;N
08/08/2022;"{""hyperlink"":""https://pncp.gov.br/app/editais/86900545000170/2022/28"",""tooltip"":""https://pncp.gov.br/app/editais/86900545000170/2022/28""}";Compras.gov.br;AGENCIA ESPACIAL BRASILEIRA - AEB;AGENCIA ESPACIAL BRASILEIRA;Dispensa;38.280,00;Divulgada no PNCP;N
08/08/2022;"{""hyperlink"":""https://pncp.gov.br/app/editais/86900545000170/2022/27"",""tooltip"":""https://pncp.gov.br/app/editais/86900545000170/2022/27""}";Compras.gov.br;AGENCIA ESPACIAL BRASILEIRA - AEB;AGENCIA ESPACIAL BRASILEIRA;Dispensa;39.899,00;Divulgada no PNCP;N
22/07/2022;"{""hyperlink"":""https://pncp.gov.br/app/editais/86900545000170/2022/26"",""tooltip"":""https://pncp.gov.br/app/editais/86900545000170/2022/26""}";Compras.gov.br;AGENCIA ESPACIAL BRASILEIRA - AEB;AGENCIA ESPACIAL BRASILEIRA;Inexigibilidade;5.650,00;Divulgada no PNCP;N
22/07/2022;"{""hyperlink"":""https://pncp.gov.br/app/editais/86900545000170/2022/25"",""tooltip"":""https://pncp.gov.br/app/editais/86900545000170/2022/25""}";Compras.gov.br;AGENCIA ESPACIAL BRASILEIRA - AEB;AGENCIA ESPACIAL BRASILEIRA;Dispensa;40.219,20;Divulgada no PNCP;N
18/07/2022;"{""hyperlink"":""https://pncp.gov.br/app/editais/86900545000170/2022/24"",""tooltip"":""https://pncp.gov.br/app/editais/86900545000170/2022/24""}";Compras.gov.br;AGENCIA ESPACIAL BRASILEIRA - AEB;AGENCIA ESPACIAL BRASILEIRA;Inexigibilidade;1.904,00;Divulgada no PNCP;N
13/07/2022;"{""hyperlink"":""https://pncp.gov.br/app/editais/86900545000170/2022/23"",""tooltip"":""https://pncp.gov.br/app/editais/86900545000170/2022/23""}";Compras.gov.br;AGENCIA ESPACIAL BRASILEIRA - AEB;AGENCIA ESPACIAL BRASILEIRA;Dispensa;42.000,00;Divulgada no PNCP;N
13/07/2022;"{""hyperlink"":""https://pncp.gov.br/app/editais/86900545000170/2022/22"",""tooltip"":""https://pncp.gov.br/app/editais/86900545000170/2022/22""}";Compras.gov.br;AGENCIA ESPACIAL BRASILEIRA - AEB;AGENCIA ESPACIAL BRASILEIRA;Inexigibilidade;147.000,00;Divulgada no PNCP;N
12/07/2022;"{""hyperlink"":""https://pncp.gov.br/app/editais/86900545000170/2022/21"",""tooltip"":""https://pncp.gov.br/app/editais/86900545000170/2022/21""}";Compras.gov.br;AGENCIA ESPACIAL BRASILEIRA - AEB;AGENCIA ESPACIAL BRASILEIRA;Dispensa;990,00;Divulgada no PNCP;N
04/07/2022;"{""hyperlink"":""https://pncp.gov.br/app/editais/86900545000170/2022/20"",""tooltip"":""https://pncp.gov.br/app/editais/86900545000170/2022/20""}";Compras.gov.br;AGENCIA ESPACIAL BRASILEIRA - AEB;AGENCIA ESPACIAL BRASILEIRA;Inexigibilidade;990,90;Divulgada no PNCP;N
30/06/2022;"{""hyperlink"":""https://pncp.gov.br/app/editais/86900545000170/2022/19"",""tooltip"":""https://pncp.gov.br/app/editais/86900545000170/2022/19""}";Compras.gov.br;AGENCIA ESPACIAL BRASILEIRA - AEB;AGENCIA ESPACIAL BRASILEIRA;Inexigibilidade;41.287,00;Divulgada no PNCP;N
23/06/2022;"{""hyperlink"":""https://pncp.gov.br/app/editais/86900545000170/2022/18"",""tooltip"":""https://pncp.gov.br/app/editais/86900545000170/2022/18""}";Compras.gov.br;AGENCIA ESPACIAL BRASILEIRA - AEB;AGENCIA ESPACIAL BRASILEIRA;Dispensa;23.795,24;Divulgada no PNCP;N
23/06/2022;"{""hyperlink"":""https://pncp.gov.br/app/editais/86900545000170/2022/17"",""tooltip"":""https://pncp.gov.br/app/editais/86900545000170/2022/17""}";Compras.gov.br;AGENCIA ESPACIAL BRASILEIRA - AEB;AGENCIA ESPACIAL BRASILEIRA;Dispensa;4.440,00;Divulgada no PNCP;N
23/06/2022;"{""hyperlink"":""https://pncp.gov.br/app/editais/86900545000170/2022/16"",""tooltip"":""https://pncp.gov.br/app/editais/86900545000170/2022/16""}";Compras.gov.br;AGENCIA ESPACIAL BRASILEIRA - AEB;AGENCIA ESPACIAL BRASILEIRA;Inexigibilidade;104.000,00;Divulgada no PNCP;N
25/05/2022;"{""hyperlink"":""https://pncp.gov.br/app/editais/86900545000170/2022/15"",""tooltip"":""https://pncp.gov.br/app/editais/86900545000170/2022/15""}";Compras.gov.br;AGENCIA ESPACIAL BRASILEIRA - AEB;AGENCIA ESPACIAL BRASILEIRA;Dispensa;36.469,40;Divulgada no PNCP;N
11/05/2022;"{""hyperlink"":""https://pncp.gov.br/app/editais/86900545000170/2022/14"",""tooltip"":""https://pncp.gov.br/app/editais/86900545000170/2022/14""}";Compras.gov.br;AGENCIA ESPACIAL BRASILEIRA - AEB;AGENCIA ESPACIAL BRASILEIRA;Dispensa;12.250,00;Divulgada no PNCP;N
11/05/2022;"{""hyperlink"":""https://pncp.gov.br/app/editais/86900545000170/2022/13"",""tooltip"":""https://pncp.gov.br/app/editais/86900545000170/2022/13""}";Compras.gov.br;AGENCIA ESPACIAL BRASILEIRA - AEB;AGENCIA ESPACIAL BRASILEIRA;Dispensa;51.000,00;Divulgada no PNCP;N
04/05/2022;"{""hyperlink"":""https://pncp.gov.br/app/editais/86900545000170/2022/12"",""tooltip"":""https://pncp.gov.br/app/editais/86900545000170/2022/12""}";Compras.gov.br;AGENCIA ESPACIAL BRASILEIRA - AEB;AGENCIA ESPACIAL BRASILEIRA;Inexigibilidade;4.920,00;Divulgada no PNCP;N
04/05/2022;"{""hyperlink"":""https://pncp.gov.br/app/editais/86900545000170/2022/11"",""tooltip"":""https://pncp.gov.br/app/editais/86900545000170/2022/11""}";Compras.gov.br;AGENCIA ESPACIAL BRASILEIRA - AEB;AGENCIA ESPACIAL BRASILEIRA;Dispensa;16.345,58;Divulgada no PNCP;N
02/05/2022;"{""hyperlink"":""https://pncp.gov.br/app/editais/86900545000170/2022/7"",""tooltip"":""https://pncp.gov.br/app/editais/86900545000170/2022/7""}";Compras.gov.br;AGENCIA ESPACIAL BRASILEIRA - AEB;AGENCIA ESPACIAL BRASILEIRA;Dispensa;7.500,00;Divulgada no PNCP;N
12/04/2022;"{""hyperlink"":""https://pncp.gov.br/app/editais/86900545000170/2022/6"",""tooltip"":""https://pncp.gov.br/app/editais/86900545000170/2022/6""}";Compras.gov.br;AGENCIA ESPACIAL BRASILEIRA - AEB;AGENCIA ESPACIAL BRASILEIRA;Dispensa;33.039,45;Divulgada no PNCP;N
11/04/2022;"{""hyperlink"":""https://pncp.gov.br/app/editais/86900545000170/2022/5"",""tooltip"":""https://pncp.gov.br/app/editais/86900545000170/2022/5""}";Compras.gov.br;AGENCIA ESPACIAL BRASILEIRA - AEB;AGENCIA ESPACIAL BRASILEIRA;Dispensa;29.596,43;Divulgada no PNCP;N
31/03/2022;"{""hyperlink"":""https://pncp.gov.br/app/editais/86900545000170/2022/4"",""tooltip"":""https://pncp.gov.br/app/editais/86900545000170/2022/4""}";Compras.gov.br;AGENCIA ESPACIAL BRASILEIRA - AEB;AGENCIA ESPACIAL BRASILEIRA;Dispensa;38.651,86;Divulgada no PNCP;N
25/03/2022;"{""hyperlink"":""https://pncp.gov.br/app/editais/86900545000170/2022/3"",""tooltip"":""https://pncp.gov.br/app/editais/86900545000170/2022/3""}";Compras.gov.br;AGENCIA ESPACIAL BRASILEIRA - AEB;AGENCIA ESPACIAL BRASILEIRA;Dispensa;35.000,00;Divulgada no PNCP;N
16/02/2022;"{""hyperlink"":""https://pncp.gov.br/app/editais/86900545000170/2022/2"",""tooltip"":""https://pncp.gov.br/app/editais/86900545000170/2022/2""}";Compras.gov.br;AGENCIA ESPACIAL BRASILEIRA - AEB;AGENCIA ESPACIAL BRASILEIRA;Dispensa;28.462,53;Divulgada no PNCP;N
10/01/2022;"{""hyperlink"":""https://pncp.gov.br/app/editais/86900545000170/2022/1"",""tooltip"":""https://pncp.gov.br/app/editais/86900545000170/2022/1""}";Compras.gov.br;AGENCIA ESPACIAL BRASILEIRA - AEB;AGENCIA ESPACIAL BRASILEIRA;Dispensa;49.674,28;Divulgada no PNCP;N
01/12/2021;"{""hyperlink"":""https://pncp.gov.br/app/editais/86900545000170/2021/7"",""tooltip"":""https://pncp.gov.br/app/editais/86900545000170/2021/7""}";Compras.gov.br;AGENCIA ESPACIAL BRASILEIRA - AEB;AGENCIA ESPACIAL BRASILEIRA;Dispensa;41.124,11;Divulgada no PNCP;N
09/11/2021;"{""hyperlink"":""https://pncp.gov.br/app/editais/86900545000170/2021/6"",""tooltip"":""https://pncp.gov.br/app/editais/86900545000170/2021/6""}";Compras.gov.br;AGENCIA ESPACIAL BRASILEIRA - AEB;AGENCIA ESPACIAL BRASILEIRA;Dispensa;40.461,50;Divulgada no PNCP;N
04/11/2021;"{""hyperlink"":""https://pncp.gov.br/app/editais/86900545000170/2021/5"",""tooltip"":""https://pncp.gov.br/app/editais/86900545000170/2021/5""}";Compras.gov.br;AGENCIA ESPACIAL BRASILEIRA - AEB;AGENCIA ESPACIAL BRASILEIRA;Dispensa;35.985,33;Divulgada no PNCP;N
03/11/2021;"{""hyperlink"":""https://pncp.gov.br/app/editais/86900545000170/2021/4"",""tooltip"":""https://pncp.gov.br/app/editais/86900545000170/2021/4""}";Compras.gov.br;AGENCIA ESPACIAL BRASILEIRA - AEB;AGENCIA ESPACIAL BRASILEIRA;Dispensa;99.900,00;Divulgada no PNCP;N
29/10/2021;"{""hyperlink"":""https://pncp.gov.br/app/editais/86900545000170/2021/3"",""tooltip"":""https://pncp.gov.br/app/editais/86900545000170/2021/3""}";Compras.gov.br;AGENCIA ESPACIAL BRASILEIRA - AEB;AGENCIA ESPACIAL BRASILEIRA;Dispensa;96.160,00;Divulgada no PNCP;N
20/10/2021;"{""hyperlink"":""https://pncp.gov.br/app/editais/86900545000170/2021/2"",""tooltip"":""https://pncp.gov.br/app/editais/86900545000170/2021/2""}";Compras.gov.br;AGENCIA ESPACIAL BRASILEIRA - AEB;AGENCIA ESPACIAL BRASILEIRA;Dispensa;21.720,40;Divulgada no PNCP;N
23/09/2021;"{""hyperlink"":""https://pncp.gov.br/app/editais/86900545000170/2021/1"",""tooltip"":""https://pncp.gov.br/app/editais/86900545000170/2021/1""}";Compras.gov.br;AGENCIA ESPACIAL BRASILEIRA - AEB;AGENCIA ESPACIAL BRASILEIRA;Dispensa;35.880,00;Divulgada no PNCP;N
